ds,trend,yhat_lower,yhat_upper,trend_lower,trend_upper,additive_terms,additive_terms_lower,additive_terms_upper,multiplicative_terms,multiplicative_terms_lower,multiplicative_terms_upper,yhat,Region,Product
2023-01-01,433956.598152,224318.60277453062,635852.2813321913,433956.598152,433956.598152,0.0,0.0,0.0,0.0,0.0,0.0,433956.598152,Midwest,Apparel
2023-02-01,437147.86378523597,240712.71635400626,646613.8320253865,437147.86378523597,437147.86378523597,0.0,0.0,0.0,0.0,0.0,0.0,437147.86378523597,Midwest,Apparel
2023-03-01,440030.2971684532,226138.43447724296,645407.7634636222,440030.2971684532,440030.2971684532,0.0,0.0,0.0,0.0,0.0,0.0,440030.2971684532,Midwest,Apparel
2023-04-01,443221.5628149238,235890.2172484432,638416.702858015,443221.5628149238,443221.5628149238,0.0,0.0,0.0,0.0,0.0,0.0,443221.5628149238,Midwest,Apparel
2023-05-01,446309.8843618821,238736.78159239405,643576.3631914157,446309.8843618821,446309.8843618821,0.0,0.0,0.0,0.0,0.0,0.0,446309.8843618821,Midwest,Apparel
2023-06-01,449501.1499155665,234290.01997450594,641241.3748558433,449501.1499155665,449501.1499155665,0.0,0.0,0.0,0.0,0.0,0.0,449501.1499155665,Midwest,Apparel
2023-07-01,452589.47149155673,255535.52138473676,654655.2400048644,452589.47149155673,452589.47149155673,0.0,0.0,0.0,0.0,0.0,0.0,452589.47149155673,Midwest,Apparel
2023-08-01,455780.7371146635,252181.37751827904,651409.5261551935,455780.7371146635,455780.7371146635,0.0,0.0,0.0,0.0,0.0,0.0,455780.7371146635,Midwest,Apparel
2023-09-01,458972.0026719915,256936.9602348869,659191.1544050347,458972.0026719915,458972.0026719915,0.0,0.0,0.0,0.0,0.0,0.0,458972.0026719915,Midwest,Apparel
2023-10-01,462060.3241704901,240623.62716876288,663639.8566207387,462060.3241704901,462060.3241704901,0.0,0.0,0.0,0.0,0.0,0.0,462060.3241704901,Midwest,Apparel
2023-11-01,465251.5897189386,265887.80241411057,665121.4731085782,465251.5897189386,465251.5897189386,0.0,0.0,0.0,0.0,0.0,0.0,465251.5897189386,Midwest,Apparel
2023-12-01,468339.9112174371,275189.7152752692,686404.2377852706,468339.9112174371,468339.9112174371,0.0,0.0,0.0,0.0,0.0,0.0,468339.9112174371,Midwest,Apparel
2023-12-31,471428.2327159357,263063.7374563532,671116.5468857333,471428.23223571817,471428.23326496116,0.0,0.0,0.0,0.0,0.0,0.0,471428.2327159357,Midwest,Apparel
2024-01-31,474619.4982643842,259924.13696203657,669696.5157112632,474619.49663667136,474619.5000421634,0.0,0.0,0.0,0.0,0.0,0.0,474619.4982643842,Midwest,Apparel
2024-02-29,477604.8757129328,282307.1605679074,691910.9142661551,477604.8724519155,477604.8792212738,0.0,0.0,0.0,0.0,0.0,0.0,477604.8757129328,Midwest,Apparel
2024-03-31,480796.14126138133,276089.2556657276,701002.3414196972,480796.136024856,480796.1467658014,0.0,0.0,0.0,0.0,0.0,0.0,480796.14126138133,Midwest,Apparel
2024-04-30,483884.4627598798,274990.9657891537,683816.3558149565,483884.45504534326,483884.47059879283,0.0,0.0,0.0,0.0,0.0,0.0,483884.4627598798,Midwest,Apparel
2024-05-31,487075.72830832837,286801.6801954743,684387.915715128,487075.7180376613,487075.73889178724,0.0,0.0,0.0,0.0,0.0,0.0,487075.72830832837,Midwest,Apparel
2024-06-30,490164.04980682686,294911.4068824754,687450.5393888656,490164.0373731167,490164.0633652659,0.0,0.0,0.0,0.0,0.0,0.0,490164.04980682686,Midwest,Apparel
2024-07-31,493355.3153552754,294875.19173783716,697043.8313871103,493355.3005150834,493355.33176113263,0.0,0.0,0.0,0.0,0.0,0.0,493355.3153552754,Midwest,Apparel
2024-08-31,496546.58090372395,275808.57392293954,694883.5409265938,496546.56337136455,496546.60066074796,0.0,0.0,0.0,0.0,0.0,0.0,496546.58090372395,Midwest,Apparel
2024-09-30,499634.90240222245,294304.91387082846,704464.3210867266,499634.88146681245,499634.9251324448,0.0,0.0,0.0,0.0,0.0,0.0,499634.90240222245,Midwest,Apparel
2024-10-31,502826.1679506709,307793.37575045135,712553.1167661195,502826.1437808536,502826.1938382277,0.0,0.0,0.0,0.0,0.0,0.0,502826.1679506709,Midwest,Apparel
2024-11-30,505914.4894491695,299522.13525280415,709055.1909177632,505914.46109270497,505914.51833485125,0.0,0.0,0.0,0.0,0.0,0.0,505914.4894491695,Midwest,Apparel
2023-01-01,332095.319119,167959.42523419994,489913.3916343249,332095.319119,332095.319119,0.0,0.0,0.0,0.0,0.0,0.0,332095.319119,Midwest,Athletic Footwear
2023-02-01,333380.73664837726,168193.37528723758,495191.35542235745,333380.73664837726,333380.73664837726,0.0,0.0,0.0,0.0,0.0,0.0,333380.73664837726,Midwest,Athletic Footwear
2023-03-01,334541.75895067456,168740.82843673145,483671.85363960336,334541.75895067456,334541.75895067456,0.0,0.0,0.0,0.0,0.0,0.0,334541.75895067456,Midwest,Athletic Footwear
2023-04-01,335827.1764941583,153186.25750837117,503643.23490367504,335827.1764941583,335827.1764941583,0.0,0.0,0.0,0.0,0.0,0.0,335827.1764941583,Midwest,Athletic Footwear
2023-05-01,337071.1289681384,168355.71495338605,500443.2403638874,337071.1289681384,337071.1289681384,0.0,0.0,0.0,0.0,0.0,0.0,337071.1289681384,Midwest,Athletic Footwear
2023-06-01,338356.54653832206,175119.71445109905,499501.702600046,338356.54653832206,338356.54653832206,0.0,0.0,0.0,0.0,0.0,0.0,338356.54653832206,Midwest,Athletic Footwear
2023-07-01,339600.4990347493,186740.66888001125,512157.74415942805,339600.4990347493,339600.4990347493,0.0,0.0,0.0,0.0,0.0,0.0,339600.4990347493,Midwest,Athletic Footwear
2023-08-01,340885.91663153097,173017.23403292007,501263.4498064725,340885.91663153097,340885.91663153097,0.0,0.0,0.0,0.0,0.0,0.0,340885.91663153097,Midwest,Athletic Footwear
2023-09-01,342171.3342306355,165462.5369150398,511825.52939897083,342171.3342306355,342171.3342306355,0.0,0.0,0.0,0.0,0.0,0.0,342171.3342306355,Midwest,Athletic Footwear
2023-10-01,343415.28676500765,170218.38489717222,501056.01100311894,343415.28676500765,343415.28676500765,0.0,0.0,0.0,0.0,0.0,0.0,343415.28676500765,Midwest,Athletic Footwear
2023-11-01,344700.704383859,168980.95017500874,515036.55097761494,344700.704383859,344700.704383859,0.0,0.0,0.0,0.0,0.0,0.0,344700.704383859,Midwest,Athletic Footwear
2023-12-01,345944.65691823117,170768.07528030174,508225.7973600317,345944.65691823117,345944.65691823117,0.0,0.0,0.0,0.0,0.0,0.0,345944.65691823117,Midwest,Athletic Footwear
2023-12-31,347188.6094526034,181122.71642852874,518052.89014079527,347188.60914489767,347188.6097766672,0.0,0.0,0.0,0.0,0.0,0.0,347188.6094526034,Midwest,Athletic Footwear
2024-01-31,348474.0270714547,180116.23135486286,511873.1127367055,348474.0260100507,348474.0281906779,0.0,0.0,0.0,0.0,0.0,0.0,348474.0270714547,Midwest,Athletic Footwear
2024-02-29,349676.5145213478,190652.67397862236,505889.86491604475,349676.51226522774,349676.51678688126,0.0,0.0,0.0,0.0,0.0,0.0,349676.5145213478,Midwest,Athletic Footwear
2024-03-31,350961.93214019906,178880.84059346808,515912.58551946987,350961.9285738088,350961.9357560777,0.0,0.0,0.0,0.0,0.0,0.0,350961.93214019906,Midwest,Athletic Footwear
2024-04-30,352205.8846745713,186626.503869712,509978.3428309809,352205.87949626637,352205.8899296351,0.0,0.0,0.0,0.0,0.0,0.0,352205.8846745713,Midwest,Athletic Footwear
2024-05-31,353491.3022934225,204656.55745681946,510492.5222365195,353491.2955616865,353491.3095223132,0.0,0.0,0.0,0.0,0.0,0.0,353491.3022934225,Midwest,Athletic Footwear
2024-06-30,354735.25482779474,199126.57007394024,509908.79180610826,354735.24631215475,354735.264111193,0.0,0.0,0.0,0.0,0.0,0.0,354735.25482779474,Midwest,Athletic Footwear
2024-07-31,356020.67244664603,183761.99966754616,520740.2863057288,356020.66155326297,356020.68373133946,0.0,0.0,0.0,0.0,0.0,0.0,356020.67244664603,Midwest,Athletic Footwear
2024-08-31,357306.09006549726,204201.90069536498,528376.0785285846,357306.07717757503,357306.1034230867,0.0,0.0,0.0,0.0,0.0,0.0,357306.09006549726,Midwest,Athletic Footwear
2024-09-30,358550.04259986954,199333.10891716712,530592.5165877113,358550.0272165239,358550.0580891374,0.0,0.0,0.0,0.0,0.0,0.0,358550.04259986954,Midwest,Athletic Footwear
2024-10-31,359835.4602187208,200912.8900120824,522696.1498052417,359835.44272544375,359835.4783496848,0.0,0.0,0.0,0.0,0.0,0.0,359835.4602187208,Midwest,Athletic Footwear
2024-11-30,361079.41275309294,193275.48411623688,536332.7921311774,361079.39255937125,361079.4336311013,0.0,0.0,0.0,0.0,0.0,0.0,361079.41275309294,Midwest,Athletic Footwear
2023-01-01,521403.087948,253966.80915073724,780754.9480112683,521403.087948,521403.087948,0.0,0.0,0.0,0.0,0.0,0.0,521403.087948,Midwest,Street Footwear
2023-02-01,522000.65379846166,276620.00431049947,760227.0668435614,522000.65379846166,522000.65379846166,0.0,0.0,0.0,0.0,0.0,0.0,522000.65379846166,Midwest,Street Footwear
2023-03-01,522540.390618898,261281.22969528518,755421.3496747988,522540.390618898,522540.390618898,0.0,0.0,0.0,0.0,0.0,0.0,522540.390618898,Midwest,Street Footwear
2023-04-01,523137.95661481237,252539.93944291308,765209.7461764135,523137.95661481237,523137.95661481237,0.0,0.0,0.0,0.0,0.0,0.0,523137.95661481237,Midwest,Street Footwear
2023-05-01,523716.2461901087,255638.42371274764,791052.7599423265,523716.2461901087,523716.2461901087,0.0,0.0,0.0,0.0,0.0,0.0,523716.2461901087,Midwest,Street Footwear
2023-06-01,524313.8119935439,273822.0761147049,771278.1351546829,524313.8119935439,524313.8119935439,0.0,0.0,0.0,0.0,0.0,0.0,524313.8119935439,Midwest,Street Footwear
2023-07-01,524892.101657757,257208.22495846817,780668.066394307,524892.101657757,524892.101657757,0.0,0.0,0.0,0.0,0.0,0.0,524892.101657757,Midwest,Street Footwear
2023-08-01,525489.6674384242,274821.80427030666,771266.3734526191,525489.6674384242,525489.6674384242,0.0,0.0,0.0,0.0,0.0,0.0,525489.6674384242,Midwest,Street Footwear
2023-09-01,526087.2332607989,277084.24265223235,783146.3119940291,526087.2332607989,526087.2332607989,0.0,0.0,0.0,0.0,0.0,0.0,526087.2332607989,Midwest,Street Footwear
2023-10-01,526665.522887356,262950.3699884498,782145.0695520228,526665.522887356,526665.522887356,0.0,0.0,0.0,0.0,0.0,0.0,526665.522887356,Midwest,Street Footwear
2023-11-01,527263.0888347983,285312.7432674187,791678.3115716288,527263.0888347983,527263.0888347983,0.0,0.0,0.0,0.0,0.0,0.0,527263.0888347983,Midwest,Street Footwear
2023-12-01,527841.3784613553,285354.8935316776,792655.2833700032,527841.3784613553,527841.3784613553,0.0,0.0,0.0,0.0,0.0,0.0,527841.3784613553,Midwest,Street Footwear
2023-12-31,528419.6680879124,272150.9983000488,785543.5914681825,528419.6674334184,528419.6687666033,0.0,0.0,0.0,0.0,0.0,0.0,528419.6680879124,Midwest,Street Footwear
2024-01-31,529017.2340353547,284852.5936719606,773267.7438323497,529017.2318898955,529017.2362518257,0.0,0.0,0.0,0.0,0.0,0.0,529017.2340353547,Midwest,Street Footwear
2024-02-29,529576.2473410267,273335.2752633127,766095.3785956494,529576.2433061702,529576.2515113503,0.0,0.0,0.0,0.0,0.0,0.0,529576.2473410267,Midwest,Street Footwear
2024-03-31,530173.813288469,276259.58886431064,769315.6611962517,530173.8069917421,530173.8200886615,0.0,0.0,0.0,0.0,0.0,0.0,530173.813288469,Midwest,Street Footwear
2024-04-30,530752.102915026,274198.90913481155,778384.2144962979,530752.0939196728,530752.1124264082,0.0,0.0,0.0,0.0,0.0,0.0,530752.102915026,Midwest,Street Footwear
2024-05-31,531349.6688624683,276219.73422728287,804452.7176775022,531349.6571785526,531349.6820007517,0.0,0.0,0.0,0.0,0.0,0.0,531349.6688624683,Midwest,Street Footwear
2024-06-30,531927.9584890254,264444.22001033224,774782.0140439059,531927.9436916672,531927.9748958849,0.0,0.0,0.0,0.0,0.0,0.0,531927.9584890254,Midwest,Street Footwear
2024-07-31,532525.5244364677,285852.916815516,794472.290125204,532525.5060960964,532525.5445957691,0.0,0.0,0.0,0.0,0.0,0.0,532525.5244364677,Midwest,Street Footwear
2024-08-31,533123.09038391,278786.2576047926,777961.111839732,533123.0688833665,533123.1151848645,0.0,0.0,0.0,0.0,0.0,0.0,533123.09038391,Midwest,Street Footwear
2024-09-30,533701.3800104671,290392.5595898669,797181.1153979253,533701.3546357786,533701.4089422517,0.0,0.0,0.0,0.0,0.0,0.0,533701.3800104671,Midwest,Street Footwear
2024-10-31,534298.9459579095,268105.63897152257,788189.4906075888,534298.9166280086,534298.9803660617,0.0,0.0,0.0,0.0,0.0,0.0,534298.9459579095,Midwest,Street Footwear
2024-11-30,534877.2355844666,261467.5754011925,780346.0320851951,534877.2023767221,534877.2743291972,0.0,0.0,0.0,0.0,0.0,0.0,534877.2355844666,Midwest,Street Footwear
2023-01-01,243903.80515200002,62855.542833241736,410396.2504360805,243903.80515200002,243903.80515200002,0.0,0.0,0.0,0.0,0.0,0.0,243903.80515200002,Northeast,Apparel
2023-02-01,297644.7909703473,118251.88995141904,480434.2787128532,297644.7909703473,297644.7909703473,0.0,0.0,0.0,0.0,0.0,0.0,297644.7909703473,Northeast,Apparel
2023-03-01,346185.0362344877,180859.95832654537,503451.65251672355,346185.0362344877,346185.0362344877,0.0,0.0,0.0,0.0,0.0,0.0,346185.0362344877,Northeast,Apparel
2023-04-01,399926.02213631675,214224.69652330814,561167.1832338552,399926.02213631675,399926.02213631675,0.0,0.0,0.0,0.0,0.0,0.0,399926.02213631675,Northeast,Apparel
2023-05-01,451933.4278734675,273819.6628725833,623113.6478210252,451933.4278734675,451933.4278734675,0.0,0.0,0.0,0.0,0.0,0.0,451933.4278734675,Northeast,Apparel
2023-06-01,505674.4137843566,322876.09422573994,697083.5455848802,505674.4137843566,505674.4137843566,0.0,0.0,0.0,0.0,0.0,0.0,505674.4137843566,Northeast,Apparel
2023-07-01,557681.8194453478,383981.7928512741,730549.3295482377,557681.8194453478,557681.8194453478,0.0,0.0,0.0,0.0,0.0,0.0,557681.8194453478,Northeast,Apparel
2023-08-01,611422.8053334188,427361.7364149268,785389.6935730905,611422.8053334188,611422.8053334188,0.0,0.0,0.0,0.0,0.0,0.0,611422.8053334188,Northeast,Apparel
2023-09-01,665163.7912807134,487003.59103945765,843344.2496051823,665163.7912807134,665163.7912807134,0.0,0.0,0.0,0.0,0.0,0.0,665163.7912807134,Northeast,Apparel
2023-10-01,717171.196987136,542880.0071612477,887134.6718265474,717171.196987136,717171.196987136,0.0,0.0,0.0,0.0,0.0,0.0,717171.196987136,Northeast,Apparel
2023-11-01,770912.1828837729,593789.0427108102,954063.1098576044,770912.1828837729,770912.1828837729,0.0,0.0,0.0,0.0,0.0,0.0,770912.1828837729,Northeast,Apparel
2023-12-01,822919.5885901955,643412.1068747294,983892.229302644,822919.5885901955,822919.5885901955,0.0,0.0,0.0,0.0,0.0,0.0,822919.5885901955,Northeast,Apparel
2023-12-31,874926.9942966182,701178.0121394264,1036205.2678136776,874926.9937271026,874926.9948923273,0.0,0.0,0.0,0.0,0.0,0.0,874926.9942966182,Northeast,Apparel
2024-01-31,928667.9801932551,753333.2669267692,1110439.223312141,928667.9783074452,928667.9821614543,0.0,0.0,0.0,0.0,0.0,0.0,928667.9801932551,Northeast,Apparel
2024-02-29,978941.8057094637,817824.1264391856,1151741.5399309378,978941.8020181117,978941.8096323885,0.0,0.0,0.0,0.0,0.0,0.0,978941.8057094637,Northeast,Apparel
2024-03-31,1032682.7916061004,880684.3660730732,1204876.9606178843,1032682.7856232065,1032682.7975817946,0.0,0.0,0.0,0.0,0.0,0.0,1032682.7916061004,Northeast,Apparel
2024-04-30,1084690.1973125231,915742.5320341241,1267460.12210754,1084690.1888087494,1084690.2057975458,0.0,0.0,0.0,0.0,0.0,0.0,1084690.1973125231,Northeast,Apparel
2024-05-31,1138431.1832091599,961198.840891263,1317849.3908830294,1138431.1724162092,1138431.1945108478,0.0,0.0,0.0,0.0,0.0,0.0,1138431.1832091599,Northeast,Apparel
2024-06-30,1190438.5889155827,1011865.4759476681,1360953.783848842,1190438.57478587,1190438.603112898,0.0,0.0,0.0,0.0,0.0,0.0,1190438.5889155827,Northeast,Apparel
2024-07-31,1244179.5748122195,1070057.516185566,1424786.2635414079,1244179.5571113497,1244179.5921615523,0.0,0.0,0.0,0.0,0.0,0.0,1244179.5748122195,Northeast,Apparel
2024-08-31,1297920.5607088564,1127304.3406665889,1475718.838159533,1297920.5389418288,1297920.5823805348,0.0,0.0,0.0,0.0,0.0,0.0,1297920.5607088564,Northeast,Apparel
2024-09-30,1349927.9664152793,1179609.850491582,1531515.1737003578,1349927.939509326,1349927.9918714873,0.0,0.0,0.0,0.0,0.0,0.0,1349927.9664152793,Northeast,Apparel
2024-10-31,1403668.9523119156,1220938.8445228199,1575995.0748476845,1403668.9218452487,1403668.9808786146,0.0,0.0,0.0,0.0,0.0,0.0,1403668.9523119156,Northeast,Apparel
2024-11-30,1455676.3580183384,1289798.0469828143,1625557.7071214467,1455676.3230752046,1455676.39040441,0.0,0.0,0.0,0.0,0.0,0.0,1455676.3580183384,Northeast,Apparel
2023-01-01,175619.405556,43447.71950420108,304160.6331843819,175619.405556,175619.405556,0.0,0.0,0.0,0.0,0.0,0.0,175619.405556,Northeast,Athletic Footwear
2023-02-01,218520.87969901794,86787.66119854862,336076.0224238496,218520.87969901794,218520.87969901794,0.0,0.0,0.0,0.0,0.0,0.0,218520.87969901794,Northeast,Athletic Footwear
2023-03-01,257270.59828858767,113571.22237749996,396132.86298405373,257270.59828858767,257270.59828858767,0.0,0.0,0.0,0.0,0.0,0.0,257270.59828858767,Northeast,Athletic Footwear
2023-04-01,300172.0724538375,170542.38457236512,428536.4650571824,300172.0724538375,300172.0724538375,0.0,0.0,0.0,0.0,0.0,0.0,300172.0724538375,Northeast,Athletic Footwear
2023-05-01,341689.6280895579,206317.1690329872,478950.82381859433,341689.6280895579,341689.6280895579,0.0,0.0,0.0,0.0,0.0,0.0,341689.6280895579,Northeast,Athletic Footwear
2023-06-01,384591.10225848964,259839.42134516325,526237.1400028998,384591.10225848964,384591.10225848964,0.0,0.0,0.0,0.0,0.0,0.0,384591.10225848964,Northeast,Athletic Footwear
2023-07-01,426108.6578958522,289569.2753983474,559679.7029251985,426108.6578958522,426108.6578958522,0.0,0.0,0.0,0.0,0.0,0.0,426108.6578958522,Northeast,Athletic Footwear
2023-08-01,469010.13206782914,339296.73753166513,611202.0794213862,469010.13206782914,469010.13206782914,0.0,0.0,0.0,0.0,0.0,0.0,469010.13206782914,Northeast,Athletic Footwear
2023-09-01,511911.60623407806,378497.0383398311,646656.0205525954,511911.60623407806,511911.60623407806,0.0,0.0,0.0,0.0,0.0,0.0,511911.60623407806,Northeast,Athletic Footwear
2023-10-01,553429.1618878846,419004.3016390124,679418.3849993706,553429.1618878846,553429.1618878846,0.0,0.0,0.0,0.0,0.0,0.0,553429.1618878846,Northeast,Athletic Footwear
2023-11-01,596330.6360634847,466611.68036120164,727093.431666854,596330.6360634847,596330.6360634847,0.0,0.0,0.0,0.0,0.0,0.0,596330.6360634847,Northeast,Athletic Footwear
2023-12-01,637848.1917172913,503911.9044348856,779979.51597023,637848.1917172913,637848.1917172913,0.0,0.0,0.0,0.0,0.0,0.0,637848.1917172913,Northeast,Athletic Footwear
2023-12-31,679365.7473710977,549816.7142514202,818082.6624395683,679365.7469063385,679365.7478957324,0.0,0.0,0.0,0.0,0.0,0.0,679365.7473710977,Northeast,Athletic Footwear
2024-01-31,722267.2215466979,594237.8140798395,847303.2132957876,722267.2200300583,722267.2232249718,0.0,0.0,0.0,0.0,0.0,0.0,722267.2215466979,Northeast,Athletic Footwear
2024-02-29,762400.8586787109,628212.1365656289,886785.0241068819,762400.8557494938,762400.8619331358,0.0,0.0,0.0,0.0,0.0,0.0,762400.8586787109,Northeast,Athletic Footwear
2024-03-31,805302.332854311,670124.250656558,931296.8165411105,805302.3280921536,805302.3379206326,0.0,0.0,0.0,0.0,0.0,0.0,805302.332854311,Northeast,Athletic Footwear
2024-04-30,846819.8885081175,720986.1729301955,977669.6940909978,846819.8820464666,846819.8955794072,0.0,0.0,0.0,0.0,0.0,0.0,846819.8885081175,Northeast,Athletic Footwear
2024-05-31,889721.3626837176,759471.7501044575,1008270.2796129046,889721.3536422017,889721.3719359037,0.0,0.0,0.0,0.0,0.0,0.0,889721.3626837176,Northeast,Athletic Footwear
2024-06-30,931238.9183375242,797135.7091057211,1077129.0893919049,931238.906536132,931238.9301198026,0.0,0.0,0.0,0.0,0.0,0.0,931238.9183375242,Northeast,Athletic Footwear
2024-07-31,974140.3925131243,837505.2671510447,1113687.5438153832,974140.3780240963,974140.4071150706,0.0,0.0,0.0,0.0,0.0,0.0,974140.3925131243,Northeast,Athletic Footwear
2024-08-31,1017041.8666887243,884649.6230476232,1144647.9891935114,1017041.849354475,1017041.8843219322,0.0,0.0,0.0,0.0,0.0,0.0,1017041.8666887243,Northeast,Athletic Footwear
2024-09-30,1058559.422342531,928149.5834313951,1188930.708498814,1058559.4023852753,1058559.4433154764,0.0,0.0,0.0,0.0,0.0,0.0,1058559.422342531,Northeast,Athletic Footwear
2024-10-31,1101460.896518131,968382.6922127965,1236349.736105588,1101460.873012895,1101460.920504215,0.0,0.0,0.0,0.0,0.0,0.0,1101460.896518131,Northeast,Athletic Footwear
2024-11-30,1142978.4521719376,1023596.0846131536,1282254.2582580713,1142978.4242543243,1142978.4789809592,0.0,0.0,0.0,0.0,0.0,0.0,1142978.4521719376,Northeast,Athletic Footwear
2023-01-01,336313.112458,158109.19023089905,525089.5920768654,336313.112458,336313.112458,0.0,0.0,0.0,0.0,0.0,0.0,336313.112458,Northeast,Street Footwear
2023-02-01,397810.93519009586,212306.26828241767,588220.5321200785,397810.93519009586,397810.93519009586,0.0,0.0,0.0,0.0,0.0,0.0,397810.93519009586,Northeast,Street Footwear
2023-03-01,453357.3557033045,252500.55834596482,636824.1684477832,453357.3557033045,453357.3557033045,0.0,0.0,0.0,0.0,0.0,0.0,453357.3557033045,Northeast,Street Footwear
2023-04-01,514855.17842994194,326114.6161173474,709705.0926323907,514855.17842994194,514855.17842994194,0.0,0.0,0.0,0.0,0.0,0.0,514855.17842994194,Northeast,Street Footwear
2023-05-01,574369.2004230993,378354.87279973243,761280.6464575625,574369.2004230993,574369.2004230993,0.0,0.0,0.0,0.0,0.0,0.0,574369.2004230993,Northeast,Street Footwear
2023-06-01,635867.0231513781,434949.57712687715,822857.5078703219,635867.0231513781,635867.0231513781,0.0,0.0,0.0,0.0,0.0,0.0,635867.0231513781,Northeast,Street Footwear
2023-07-01,695381.0451289596,504789.33461898216,887110.1100976315,695381.0451289596,695381.0451289596,0.0,0.0,0.0,0.0,0.0,0.0,695381.0451289596,Northeast,Street Footwear
2023-08-01,756878.8678560748,569704.4125473396,940104.15081779,756878.8678560748,756878.8678560748,0.0,0.0,0.0,0.0,0.0,0.0,756878.8678560748,Northeast,Street Footwear
2023-09-01,818376.6906074495,634237.647624971,997276.665418278,818376.6906074495,818376.6906074495,0.0,0.0,0.0,0.0,0.0,0.0,818376.6906074495,Northeast,Street Footwear
2023-10-01,877890.7126301195,682672.5304727012,1064211.003209817,877890.7126301195,877890.7126301195,0.0,0.0,0.0,0.0,0.0,0.0,877890.7126301195,Northeast,Street Footwear
2023-11-01,939388.5353868788,754802.2143695755,1130071.2155543205,939388.5353868788,939388.5353868788,0.0,0.0,0.0,0.0,0.0,0.0,939388.5353868788,Northeast,Street Footwear
2023-12-01,998902.557409549,797396.6195170903,1184330.2028025622,998902.557409549,998902.557409549,0.0,0.0,0.0,0.0,0.0,0.0,998902.557409549,Northeast,Street Footwear
2023-12-31,1058416.5794322193,868686.1579147844,1246031.392103564,1058416.5786186275,1058416.580131514,0.0,0.0,0.0,0.0,0.0,0.0,1058416.5794322193,Northeast,Street Footwear
2024-01-31,1119914.4021889784,925727.602398365,1309463.2783600648,1119914.3995552002,1119914.4044816026,0.0,0.0,0.0,0.0,0.0,0.0,1119914.4021889784,Northeast,Street Footwear
2024-02-29,1177444.6234775598,972168.5608539963,1349331.8877539544,1177444.6182939552,1177444.628166807,0.0,0.0,0.0,0.0,0.0,0.0,1177444.6234775598,Northeast,Street Footwear
2024-03-31,1238942.446234319,1040905.7811996946,1422922.005084115,1238942.4384000725,1238942.4535301619,0.0,0.0,0.0,0.0,0.0,0.0,1238942.446234319,Northeast,Street Footwear
2024-04-30,1298456.4682569893,1112858.3912132639,1502130.5294452133,1298456.4570703222,1298456.4788201193,0.0,0.0,0.0,0.0,0.0,0.0,1298456.4682569893,Northeast,Street Footwear
2024-05-31,1359954.2910137484,1170393.1125379724,1552689.621261966,1359954.2758002433,1359954.3053610825,0.0,0.0,0.0,0.0,0.0,0.0,1359954.2910137484,Northeast,Street Footwear
2024-06-30,1419468.3130364183,1211996.972543834,1609830.46626664,1419468.2943831128,1419468.3304010043,0.0,0.0,0.0,0.0,0.0,0.0,1419468.3130364183,Northeast,Street Footwear
2024-07-31,1480966.1357931779,1282491.242511022,1678941.8330455425,1480966.1125405096,1480966.1564074825,0.0,0.0,0.0,0.0,0.0,0.0,1480966.1357931779,Northeast,Street Footwear
2024-08-31,1542463.9585499368,1352126.3542686037,1737186.1151820396,1542463.9315740548,1542463.9839406996,0.0,0.0,0.0,0.0,0.0,0.0,1542463.9585499368,Northeast,Street Footwear
2024-09-30,1601977.9805726071,1401871.323932504,1799180.900091078,1601977.9487127457,1601978.0111190951,0.0,0.0,0.0,0.0,0.0,0.0,1601977.9805726071,Northeast,Street Footwear
2024-10-31,1663475.8033293665,1456157.3955460128,1851865.3204590168,1663475.7662810981,1663475.8383206008,0.0,0.0,0.0,0.0,0.0,0.0,1663475.8033293665,Northeast,Street Footwear
2024-11-30,1722989.8253520366,1516964.8679497547,1897949.252723169,1722989.7841986301,1722989.8658302373,0.0,0.0,0.0,0.0,0.0,0.0,1722989.8253520366,Northeast,Street Footwear
2023-01-01,255719.96121600003,-11266.047980462234,528020.6148174604,255719.96121600003,255719.96121600003,0.0,0.0,0.0,0.0,0.0,0.0,255719.96121600003,South,Apparel
2023-02-01,298698.35766380845,52802.52990860816,536981.2762421593,298698.35766380845,298698.35766380845,0.0,0.0,0.0,0.0,0.0,0.0,298698.35766380845,South,Apparel
2023-03-01,337517.5547826424,92192.62006989664,568525.5870986473,337517.5547826424,337517.5547826424,0.0,0.0,0.0,0.0,0.0,0.0,337517.5547826424,South,Apparel
2023-04-01,380495.95195954264,137849.52713101514,627605.5095732646,380495.95195954264,380495.95195954264,0.0,0.0,0.0,0.0,0.0,0.0,380495.95195954264,South,Apparel
2023-05-01,422087.9497031465,174707.77790879173,673449.3648847411,422087.9497031465,422087.9497031465,0.0,0.0,0.0,0.0,0.0,0.0,422087.9497031465,South,Apparel
2023-06-01,465066.34707361914,217639.28295066184,720952.511862882,465066.34707361914,465066.34707361914,0.0,0.0,0.0,0.0,0.0,0.0,465066.34707361914,South,Apparel
2023-07-01,506658.3444822416,237208.17784410785,761376.9812198643,506658.3444822416,506658.3444822416,0.0,0.0,0.0,0.0,0.0,0.0,506658.3444822416,South,Apparel
2023-08-01,549636.7417490985,296226.6337493098,813645.9422977207,549636.7417490985,549636.7417490985,0.0,0.0,0.0,0.0,0.0,0.0,549636.7417490985,South,Apparel
2023-09-01,592615.1386798603,321193.88264370325,860678.490808834,592615.1386798603,592615.1386798603,0.0,0.0,0.0,0.0,0.0,0.0,592615.1386798603,South,Apparel
2023-10-01,634207.136087288,387775.9802622609,905164.1375582071,634207.136087288,634207.136087288,0.0,0.0,0.0,0.0,0.0,0.0,634207.136087288,South,Apparel
2023-11-01,677185.5334082969,426102.67080877704,921033.8182468463,677185.5334082969,677185.5334082969,0.0,0.0,0.0,0.0,0.0,0.0,677185.5334082969,South,Apparel
2023-12-01,718777.5308157246,472635.5072416985,968394.8881186597,718777.5308157246,718777.5308157246,0.0,0.0,0.0,0.0,0.0,0.0,718777.5308157246,South,Apparel
2023-12-31,760369.5282231524,510490.7708726662,1012089.4220409212,760369.5274276737,760369.5289739985,0.0,0.0,0.0,0.0,0.0,0.0,760369.5282231524,South,Apparel
2024-01-31,803347.9255441611,560099.9474079692,1043311.3518243177,803347.923064211,803347.9279360371,0.0,0.0,0.0,0.0,0.0,0.0,803347.9255441611,South,Apparel
2024-02-29,843553.523038008,595816.54688137,1103465.6643949484,843553.5181886195,843553.527878873,0.0,0.0,0.0,0.0,0.0,0.0,843553.523038008,South,Apparel
2024-03-31,886531.9203590167,636041.2867282109,1163099.217365985,886531.9126169836,886531.9282011756,0.0,0.0,0.0,0.0,0.0,0.0,886531.9203590167,South,Apparel
2024-04-30,928123.9177664446,664494.1472971264,1178577.879949205,928123.9062941007,928123.9294050501,0.0,0.0,0.0,0.0,0.0,0.0,928123.9177664446,South,Apparel
2024-05-31,971102.3150874532,712031.6096799506,1230778.6816520507,971102.3000826689,971102.3302014759,0.0,0.0,0.0,0.0,0.0,0.0,971102.3150874532,South,Apparel
2024-06-30,1012694.312494881,765346.5906272097,1278953.571074149,1012694.2931112165,1012694.3320065888,0.0,0.0,0.0,0.0,0.0,0.0,1012694.312494881,South,Apparel
2024-07-31,1055672.7098158898,803145.3230961432,1320706.4802667846,1055672.6863174944,1055672.7337086098,0.0,0.0,0.0,0.0,0.0,0.0,1055672.7098158898,South,Apparel
2024-08-31,1098651.1071368984,857361.8517113572,1357464.4251505225,1098651.0787231224,1098651.1346960256,0.0,0.0,0.0,0.0,0.0,0.0,1098651.1071368984,South,Apparel
2024-09-30,1140243.1045443264,887001.5970150944,1399925.2952625093,1140243.0711065417,1140243.136666434,0.0,0.0,0.0,0.0,0.0,0.0,1140243.1045443264,South,Apparel
2024-10-31,1183221.501865335,934896.9606714627,1444698.5883880765,1183221.4637996473,1183221.5398661988,0.0,0.0,0.0,0.0,0.0,0.0,1183221.501865335,South,Apparel
2024-11-30,1224813.4992727628,971048.0537467572,1479477.2188481665,1224813.4565214291,1224813.5427090551,0.0,0.0,0.0,0.0,0.0,0.0,1224813.4992727628,South,Apparel
2023-01-01,224033.535656,-39015.74549412293,517121.01714053133,224033.535656,224033.535656,0.0,0.0,0.0,0.0,0.0,0.0,224033.535656,South,Athletic Footwear
2023-02-01,261058.57795512577,-14310.68418889679,544205.2350764741,261058.57795512577,261058.57795512577,0.0,0.0,0.0,0.0,0.0,0.0,261058.57795512577,South,Athletic Footwear
2023-03-01,294500.55176324426,-954.8350608047475,571573.3149268562,294500.55176324426,294500.55176324426,0.0,0.0,0.0,0.0,0.0,0.0,294500.55176324426,South,Athletic Footwear
2023-04-01,331525.59447793826,53091.87328567602,598402.7666594137,331525.59447793826,331525.59447793826,0.0,0.0,0.0,0.0,0.0,0.0,331525.59447793826,South,Athletic Footwear
2023-05-01,367356.2807644403,75276.48681264046,652858.6406378417,367356.2807644403,367356.2807644403,0.0,0.0,0.0,0.0,0.0,0.0,367356.2807644403,South,Athletic Footwear
2023-06-01,404381.3232983497,129098.62322740392,707326.160817861,404381.3232983497,404381.3232983497,0.0,0.0,0.0,0.0,0.0,0.0,404381.3232983497,South,Athletic Footwear
2023-07-01,440212.0097433802,140164.09579515568,733883.5724214485,440212.0097433802,440212.0097433802,0.0,0.0,0.0,0.0,0.0,0.0,440212.0097433802,South,Athletic Footwear
2023-08-01,477237.05228409776,198133.95438534312,753126.5510483707,477237.05228409776,477237.05228409776,0.0,0.0,0.0,0.0,0.0,0.0,477237.05228409776,South,Athletic Footwear
2023-09-01,514262.0948952901,249846.0417120682,809858.0880938054,514262.0948952901,514262.0948952901,0.0,0.0,0.0,0.0,0.0,0.0,514262.0948952901,South,Athletic Footwear
2023-10-01,550092.7813949815,238263.77653841118,816195.3313468713,550092.7813949815,550092.7813949815,0.0,0.0,0.0,0.0,0.0,0.0,550092.7813949815,South,Athletic Footwear
2023-11-01,587117.8241113294,347347.4548419954,884495.7692219589,587117.8241113294,587117.8241113294,0.0,0.0,0.0,0.0,0.0,0.0,587117.8241113294,South,Athletic Footwear
2023-12-01,622948.510611021,335079.9105889163,906111.6212002481,622948.510611021,622948.510611021,0.0,0.0,0.0,0.0,0.0,0.0,622948.510611021,South,Athletic Footwear
2023-12-31,658779.1971107123,388605.79316409194,930962.5120373641,658779.1964679362,658779.197879938,0.0,0.0,0.0,0.0,0.0,0.0,658779.1971107123,South,Athletic Footwear
2024-01-31,695804.2398270603,418979.1185209782,979844.7961728344,695804.2378283099,695804.2422923342,0.0,0.0,0.0,0.0,0.0,0.0,695804.2398270603,South,Athletic Footwear
2024-02-29,730440.5701100953,472183.56642191263,1014151.674705072,730440.56613293,730440.5747776993,0.0,0.0,0.0,0.0,0.0,0.0,730440.5701100953,South,Athletic Footwear
2024-03-31,767465.612826443,509651.70054174296,1053855.3155022117,767465.6065271912,767465.6205060377,0.0,0.0,0.0,0.0,0.0,0.0,767465.612826443,South,Athletic Footwear
2024-04-30,803296.2993261346,541718.6139355344,1077045.103941759,803296.2904278644,803296.3099752688,0.0,0.0,0.0,0.0,0.0,0.0,803296.2993261346,South,Athletic Footwear
2024-05-31,840321.3420424826,577418.7126418685,1109648.8545922742,840321.3298600254,840321.3557721962,0.0,0.0,0.0,0.0,0.0,0.0,840321.3420424826,South,Athletic Footwear
2024-06-30,876152.0285421739,598156.2440608303,1142864.6998823537,876152.0127175301,876152.046218951,0.0,0.0,0.0,0.0,0.0,0.0,876152.0285421739,South,Athletic Footwear
2024-07-31,913177.0712585219,619086.1291894624,1192941.9817726512,913177.0516804828,913177.0935860379,0.0,0.0,0.0,0.0,0.0,0.0,913177.0712585219,South,Athletic Footwear
2024-08-31,950202.1139748697,682047.0598980228,1231333.5723803781,950202.0908632359,950202.1406047533,0.0,0.0,0.0,0.0,0.0,0.0,950202.1139748697,South,Athletic Footwear
2024-09-30,986032.8004745612,719897.6333276766,1276817.1815224024,986032.7735508422,986032.8318048138,0.0,0.0,0.0,0.0,0.0,0.0,986032.8004745612,South,Athletic Footwear
2024-10-31,1023057.843190909,717406.9145656417,1306064.5915558431,1023057.812222235,1023057.8790409296,0.0,0.0,0.0,0.0,0.0,0.0,1023057.843190909,South,Athletic Footwear
2024-11-30,1058888.5296906005,793794.836681371,1349576.992329341,1058888.4935578941,1058888.5698650284,0.0,0.0,0.0,0.0,0.0,0.0,1058888.5296906005,South,Athletic Footwear
2023-01-01,285418.220805,-57925.524237133686,658152.3072530176,285418.220805,285418.220805,0.0,0.0,0.0,0.0,0.0,0.0,285418.220805,South,Street Footwear
2023-02-01,326143.7959363922,-45456.176830443015,652366.595983126,326143.7959363922,326143.7959363922,0.0,0.0,0.0,0.0,0.0,0.0,326143.7959363922,South,Street Footwear
2023-03-01,362928.1861899159,40803.20634604502,704081.2866730476,362928.1861899159,362928.1861899159,0.0,0.0,0.0,0.0,0.0,0.0,362928.1861899159,South,Street Footwear
2023-04-01,403653.7613419382,25865.63864497453,750630.4605756918,403653.7613419382,403653.7613419382,0.0,0.0,0.0,0.0,0.0,0.0,403653.7613419382,South,Street Footwear
2023-05-01,443065.6080651678,106102.20733748686,785301.1437957775,443065.6080651678,443065.6080651678,0.0,0.0,0.0,0.0,0.0,0.0,443065.6080651678,South,Street Footwear
2023-06-01,483791.18295686285,129418.53382831838,829007.6164620562,483791.18295686285,483791.18295686285,0.0,0.0,0.0,0.0,0.0,0.0,483791.18295686285,South,Street Footwear
2023-07-01,523203.02985200065,175682.5162549835,868335.4351502041,523203.02985200065,523203.02985200065,0.0,0.0,0.0,0.0,0.0,0.0,523203.02985200065,South,Street Footwear
2023-08-01,563928.6047412822,203920.63003979847,904347.6332449759,563928.6047412822,563928.6047412822,0.0,0.0,0.0,0.0,0.0,0.0,563928.6047412822,South,Street Footwear
2023-09-01,604654.1796287699,277414.8260860409,970865.6747520249,604654.1796287699,604654.1796287699,0.0,0.0,0.0,0.0,0.0,0.0,604654.1796287699,South,Street Footwear
2023-10-01,644066.0260216263,316000.1017281374,1000531.4475211314,644066.0260216263,644066.0260216263,0.0,0.0,0.0,0.0,0.0,0.0,644066.0260216263,South,Street Footwear
2023-11-01,684791.6006275781,372454.70956891833,1039848.5622050733,684791.6006275781,684791.6006275781,0.0,0.0,0.0,0.0,0.0,0.0,684791.6006275781,South,Street Footwear
2023-12-01,724203.4470204348,359135.4833670275,1075579.1413929302,724203.4470204348,724203.4470204348,0.0,0.0,0.0,0.0,0.0,0.0,724203.4470204348,South,Street Footwear
2023-12-31,763615.2934132913,394270.20998034027,1093675.1526411746,763615.2926577103,763615.2942460504,0.0,0.0,0.0,0.0,0.0,0.0,763615.2934132913,South,Street Footwear
2024-01-31,804340.8680192432,453705.2256237773,1154866.5751213166,804340.8655426371,804340.8706699698,0.0,0.0,0.0,0.0,0.0,0.0,804340.8680192432,South,Street Footwear
2024-02-29,842438.9861990046,488356.94052212074,1185056.8196234626,842438.9814573656,842438.9913204667,0.0,0.0,0.0,0.0,0.0,0.0,842438.9861990046,South,Street Footwear
2024-03-31,883164.5608049565,533280.9862948587,1223511.0316415834,883164.5528219056,883164.5690943393,0.0,0.0,0.0,0.0,0.0,0.0,883164.5608049565,South,Street Footwear
2024-04-30,922576.407197813,566076.5982038458,1239162.9384789476,922576.395667574,922576.4184764724,0.0,0.0,0.0,0.0,0.0,0.0,922576.407197813,South,Street Footwear
2024-05-31,963301.9818037647,584347.0416478656,1303100.732949441,963301.9664622379,963301.9962409951,0.0,0.0,0.0,0.0,0.0,0.0,963301.9818037647,South,Street Footwear
2024-06-30,1002713.8281966214,669558.6724118352,1361200.2241486276,1002713.8084402017,1002713.8461203441,0.0,0.0,0.0,0.0,0.0,0.0,1002713.8281966214,South,Street Footwear
2024-07-31,1043439.4028025732,689744.3254884306,1382896.0338179648,1043439.3784154041,1043439.4250515964,0.0,0.0,0.0,0.0,0.0,0.0,1043439.4028025732,South,Street Footwear
2024-08-31,1084164.977408525,711945.0795883525,1413882.2890555246,1084164.9482184707,1084165.0046390297,0.0,0.0,0.0,0.0,0.0,0.0,1084164.977408525,South,Street Footwear
2024-09-30,1123576.8238013817,764869.8411478531,1471922.0034893972,1123576.78906963,1123576.8553786874,0.0,0.0,0.0,0.0,0.0,0.0,1123576.8238013817,South,Street Footwear
2024-10-31,1164302.3984073335,807564.6485707759,1486268.2366611655,1164302.3583292782,1164302.4365095445,0.0,0.0,0.0,0.0,0.0,0.0,1164302.3984073335,South,Street Footwear
2024-11-30,1203714.24480019,850374.3020458546,1533985.8825388807,1203714.1991009617,1203714.2873655679,0.0,0.0,0.0,0.0,0.0,0.0,1203714.24480019,South,Street Footwear
2023-01-01,331616.667651,141628.9322991641,522389.7258500857,331616.667651,331616.667651,0.0,0.0,0.0,0.0,0.0,0.0,331616.667651,Southeast,Apparel
2023-02-01,360510.53611019463,170628.96909978575,540821.9272476101,360510.53611019463,360510.53611019463,0.0,0.0,0.0,0.0,0.0,0.0,360510.53611019463,Southeast,Apparel
2023-03-01,386608.2237557623,195858.8465442089,582247.2051711327,386608.2237557623,386608.2237557623,0.0,0.0,0.0,0.0,0.0,0.0,386608.2237557623,Southeast,Apparel
2023-04-01,415502.0922235117,216492.18491557715,605775.8123812268,415502.0922235117,415502.0922235117,0.0,0.0,0.0,0.0,0.0,0.0,415502.0922235117,Southeast,Apparel
2023-05-01,443463.90041163965,250281.9444812614,636891.506382795,443463.90041163965,443463.90041163965,0.0,0.0,0.0,0.0,0.0,0.0,443463.90041163965,Southeast,Apparel
2023-06-01,472357.7688695852,282342.96988673066,660836.8408690097,472357.7688695852,472357.7688695852,0.0,0.0,0.0,0.0,0.0,0.0,472357.7688695852,Southeast,Apparel
2023-07-01,500319.57705023256,309706.45746610226,683639.3019341279,500319.57705023256,500319.57705023256,0.0,0.0,0.0,0.0,0.0,0.0,500319.57705023256,Southeast,Apparel
2023-08-01,529213.4455006598,323266.66422117257,724701.1129711831,529213.4455006598,529213.4455006598,0.0,0.0,0.0,0.0,0.0,0.0,529213.4455006598,Southeast,Apparel
2023-09-01,558107.3139444828,356118.24211604206,749704.965872868,558107.3139444828,558107.3139444828,0.0,0.0,0.0,0.0,0.0,0.0,558107.3139444828,Southeast,Apparel
2023-10-01,586069.1221213943,387907.9394484101,758771.650392431,586069.1221213943,586069.1221213943,0.0,0.0,0.0,0.0,0.0,0.0,586069.1221213943,Southeast,Apparel
2023-11-01,614962.9905708694,423290.7812244162,812401.6418433265,614962.9905708694,614962.9905708694,0.0,0.0,0.0,0.0,0.0,0.0,614962.9905708694,Southeast,Apparel
2023-12-01,642924.7987477808,447295.91554268985,849195.3875326922,642924.7987477808,642924.7987477808,0.0,0.0,0.0,0.0,0.0,0.0,642924.7987477808,Southeast,Apparel
2023-12-31,670886.6069246923,475339.7216846072,857111.250330216,670886.6064449061,670886.6074204479,0.0,0.0,0.0,0.0,0.0,0.0,670886.6069246923,Southeast,Apparel
2024-01-31,699780.4753741674,507203.8814313228,896795.7562607714,699780.4738288409,699780.4768973605,0.0,0.0,0.0,0.0,0.0,0.0,699780.4753741674,Southeast,Apparel
2024-02-29,726810.2232785153,543338.5953959313,905902.7535591532,726810.2202895128,726810.2263006078,0.0,0.0,0.0,0.0,0.0,0.0,726810.2232785153,Southeast,Apparel
2024-03-31,755704.0917279904,565815.2073193635,953904.6719342924,755704.0869522174,755704.096431973,0.0,0.0,0.0,0.0,0.0,0.0,755704.0917279904,Southeast,Apparel
2024-04-30,783665.8999049019,593606.2666821135,977307.0154129104,783665.8933603595,783665.9066192599,0.0,0.0,0.0,0.0,0.0,0.0,783665.8999049019,Southeast,Apparel
2024-05-31,812559.7683543771,611209.4109595175,1006419.1066965639,812559.7593342082,812559.7774175784,0.0,0.0,0.0,0.0,0.0,0.0,812559.7683543771,Southeast,Apparel
2024-06-30,840521.5765312884,638168.5911231483,1023120.497901061,840521.5652367545,840521.5879121841,0.0,0.0,0.0,0.0,0.0,0.0,840521.5765312884,Southeast,Apparel
2024-07-31,869415.4449807637,688835.8001710126,1054848.1038067187,869415.4309872326,869415.4588840744,0.0,0.0,0.0,0.0,0.0,0.0,869415.4449807637,Southeast,Apparel
2024-08-31,898309.3134302387,707580.7205886119,1101994.2354684153,898309.296953558,898309.3304033172,0.0,0.0,0.0,0.0,0.0,0.0,898309.3134302387,Southeast,Apparel
2024-09-30,926271.1216071503,741812.9985611661,1129012.6288464828,926271.1019696622,926271.1415535928,0.0,0.0,0.0,0.0,0.0,0.0,926271.1216071503,Southeast,Apparel
2024-10-31,955164.9900566256,764700.556764298,1157824.3143976806,955164.9674216834,955165.013307629,0.0,0.0,0.0,0.0,0.0,0.0,955164.9900566256,Southeast,Apparel
2024-11-30,983126.7982335369,795029.3399197061,1188866.8696375801,983126.7723112841,983126.825098622,0.0,0.0,0.0,0.0,0.0,0.0,983126.7982335369,Southeast,Apparel
2023-01-01,281500.865828,124000.04786353499,431528.4269723551,281500.865828,281500.865828,0.0,0.0,0.0,0.0,0.0,0.0,281500.865828,Southeast,Athletic Footwear
2023-02-01,310490.95680337126,141726.47224605037,470632.43824210064,310490.95680337126,310490.95680337126,0.0,0.0,0.0,0.0,0.0,0.0,310490.95680337126,Southeast,Athletic Footwear
2023-03-01,336675.5551077915,175366.75560685617,495546.9667961012,336675.5551077915,336675.5551077915,0.0,0.0,0.0,0.0,0.0,0.0,336675.5551077915,Southeast,Athletic Footwear
2023-04-01,365665.6460871818,214233.31000371353,519541.6930487925,365665.6460871818,365665.6460871818,0.0,0.0,0.0,0.0,0.0,0.0,365665.6460871818,Southeast,Athletic Footwear
2023-05-01,393720.5728429366,235650.51644096887,557891.6316221472,393720.5728429366,393720.5728429366,0.0,0.0,0.0,0.0,0.0,0.0,393720.5728429366,Southeast,Athletic Footwear
2023-06-01,422710.6638278006,270214.3441327178,572961.8934732232,422710.6638278006,422710.6638278006,0.0,0.0,0.0,0.0,0.0,0.0,422710.6638278006,Southeast,Athletic Footwear
2023-07-01,450765.5905820312,297218.9451354086,613219.9578015266,450765.5905820312,450765.5905820312,0.0,0.0,0.0,0.0,0.0,0.0,450765.5905820312,Southeast,Athletic Footwear
2023-08-01,479755.6815628067,335009.3270734255,635992.515133991,479755.6815628067,479755.6815628067,0.0,0.0,0.0,0.0,0.0,0.0,479755.6815628067,Southeast,Athletic Footwear
2023-09-01,508745.7725408802,358267.57798907516,657787.6042748289,508745.7725408802,508745.7725408802,0.0,0.0,0.0,0.0,0.0,0.0,508745.7725408802,Southeast,Athletic Footwear
2023-10-01,536800.6992902756,392574.6584183294,695555.9637249617,536800.6992902756,536800.6992902756,0.0,0.0,0.0,0.0,0.0,0.0,536800.6992902756,Southeast,Athletic Footwear
2023-11-01,565790.7902646508,410241.26849166665,726478.8920824059,565790.7902646508,565790.7902646508,0.0,0.0,0.0,0.0,0.0,0.0,565790.7902646508,Southeast,Athletic Footwear
2023-12-01,593845.7170140464,432125.6464213114,745074.8901831527,593845.7170140464,593845.7170140464,0.0,0.0,0.0,0.0,0.0,0.0,593845.7170140464,Southeast,Athletic Footwear
2023-12-31,621900.6437634417,448602.9726792965,770123.7654242796,621900.643360773,621900.6441922007,0.0,0.0,0.0,0.0,0.0,0.0,621900.6437634417,Southeast,Athletic Footwear
2024-01-31,650890.7347378171,486815.0518170227,804123.5844174311,650890.7334279203,650890.7360698512,0.0,0.0,0.0,0.0,0.0,0.0,650890.7347378171,Southeast,Athletic Footwear
2024-02-29,678010.4972622326,518648.3251615628,826803.0609615399,678010.4946827994,678010.4999148659,0.0,0.0,0.0,0.0,0.0,0.0,678010.4972622326,Southeast,Athletic Footwear
2024-03-31,707000.5882366078,541139.1846794843,868460.5687398793,707000.5840899256,707000.5926126838,0.0,0.0,0.0,0.0,0.0,0.0,707000.5882366078,Southeast,Athletic Footwear
2024-04-30,735055.5149860033,577600.8076820617,881048.9573488199,735055.5094176758,735055.5212093005,0.0,0.0,0.0,0.0,0.0,0.0,735055.5149860033,Southeast,Athletic Footwear
2024-05-31,764045.6059603787,613121.0363735927,925460.3140329269,764045.5988662019,764045.6142349285,0.0,0.0,0.0,0.0,0.0,0.0,764045.6059603787,Southeast,Athletic Footwear
2024-06-30,792100.5327097739,645816.2795208846,955578.0035855569,792100.52375203,792100.5432146771,0.0,0.0,0.0,0.0,0.0,0.0,792100.5327097739,Southeast,Athletic Footwear
2024-07-31,821090.6236841494,659164.8174058796,982287.7749753211,821090.6129812391,821090.6366676767,0.0,0.0,0.0,0.0,0.0,0.0,821090.6236841494,Southeast,Athletic Footwear
2024-08-31,850080.7146585245,684006.2443107271,1004661.1510041709,850080.7022133138,850080.7303398543,0.0,0.0,0.0,0.0,0.0,0.0,850080.7146585245,Southeast,Athletic Footwear
2024-09-30,878135.6414079199,718376.8568577466,1035327.9690336754,878135.6268216505,878135.6597400937,0.0,0.0,0.0,0.0,0.0,0.0,878135.6414079199,Southeast,Athletic Footwear
2024-10-31,907125.7323822953,752052.3799410083,1061339.1346201762,907125.7149206047,907125.7536589375,0.0,0.0,0.0,0.0,0.0,0.0,907125.7323822953,Southeast,Athletic Footwear
2024-11-30,935180.6591316906,777994.4874556964,1101403.1987803285,935180.6388246454,935180.6826495623,0.0,0.0,0.0,0.0,0.0,0.0,935180.6591316906,Southeast,Athletic Footwear
2023-01-01,417931.46440600004,212165.96213741787,611911.4886542135,417931.46440600004,417931.46440600004,0.0,0.0,0.0,0.0,0.0,0.0,417931.46440600004,Southeast,Street Footwear
2023-02-01,439280.6726444611,233715.1313582815,647196.5425339288,439280.6726444611,439280.6726444611,0.0,0.0,0.0,0.0,0.0,0.0,439280.6726444611,Southeast,Street Footwear
2023-03-01,458563.8284664597,252041.4404038644,667212.4174964993,458563.8284664597,458563.8284664597,0.0,0.0,0.0,0.0,0.0,0.0,458563.8284664597,Southeast,Street Footwear
2023-04-01,479913.0367038883,276708.1018815363,692137.8221789335,479913.0367038883,479913.0367038883,0.0,0.0,0.0,0.0,0.0,0.0,479913.0367038883,Southeast,Street Footwear
2023-05-01,500573.5607941114,286979.857685179,700953.1799554911,500573.5607941114,500573.5607941114,0.0,0.0,0.0,0.0,0.0,0.0,500573.5607941114,Southeast,Street Footwear
2023-06-01,521922.76903028303,319989.70439859293,725786.3244185844,521922.76903028303,521922.76903028303,0.0,0.0,0.0,0.0,0.0,0.0,521922.76903028303,Southeast,Street Footwear
2023-07-01,542583.293144261,343056.12926586386,746833.485869017,542583.293144261,542583.293144261,0.0,0.0,0.0,0.0,0.0,0.0,542583.293144261,Southeast,Street Footwear
2023-08-01,563932.501382522,340675.7983816986,765689.8154227661,563932.501382522,563932.501382522,0.0,0.0,0.0,0.0,0.0,0.0,563932.501382522,Southeast,Street Footwear
2023-09-01,585281.7096297361,386346.40331848245,791184.2644268863,585281.7096297361,585281.7096297361,0.0,0.0,0.0,0.0,0.0,0.0,585281.7096297361,Southeast,Street Footwear
2023-10-01,605942.2337441805,385017.2286831725,801241.5058456351,605942.2337441805,605942.2337441805,0.0,0.0,0.0,0.0,0.0,0.0,605942.2337441805,Southeast,Street Footwear
2023-11-01,627291.441995773,422830.92010347324,832996.1825113276,627291.441995773,627291.441995773,0.0,0.0,0.0,0.0,0.0,0.0,627291.441995773,Southeast,Street Footwear
2023-12-01,647951.9661102174,452263.21215135325,848617.1078615575,647951.9661102174,647951.9661102174,0.0,0.0,0.0,0.0,0.0,0.0,647951.9661102174,Southeast,Street Footwear
2023-12-31,668612.4902246617,465008.049170003,871932.1586658735,668612.4896929641,668612.4906780563,0.0,0.0,0.0,0.0,0.0,0.0,668612.4902246617,Southeast,Street Footwear
2024-01-31,689961.6984762541,484773.82469042315,879357.2571966896,689961.6967437541,689961.6999378318,0.0,0.0,0.0,0.0,0.0,0.0,689961.6984762541,Southeast,Street Footwear
2024-02-29,709933.5384535504,519957.94518091646,928818.1588155465,709933.5352673193,709933.5413413276,0.0,0.0,0.0,0.0,0.0,0.0,709933.5384535504,Southeast,Street Footwear
2024-03-31,731282.7467051429,525560.227438076,942918.8019923962,731282.7416158539,731282.7514715273,0.0,0.0,0.0,0.0,0.0,0.0,731282.7467051429,Southeast,Street Footwear
2024-04-30,751943.2708195872,548939.8517174779,950313.8177620807,751943.2635727981,751943.27774626,0.0,0.0,0.0,0.0,0.0,0.0,751943.2708195872,Southeast,Street Footwear
2024-05-31,773292.4790711798,557167.9529551398,971570.7435200404,773292.4694593494,773292.4885341125,0.0,0.0,0.0,0.0,0.0,0.0,773292.4790711798,Southeast,Street Footwear
2024-06-30,793953.003185624,592815.5566943348,1000069.5478692185,793952.9913258045,793953.0147912937,0.0,0.0,0.0,0.0,0.0,0.0,793953.003185624,Southeast,Street Footwear
2024-07-31,815302.2114372166,602904.3694558599,1023121.5476050744,815302.1967714751,815302.2257869964,0.0,0.0,0.0,0.0,0.0,0.0,815302.2114372166,Southeast,Street Footwear
2024-08-31,836651.419688809,619685.1064176109,1029525.5553788268,836651.4020758423,836651.4368251032,0.0,0.0,0.0,0.0,0.0,0.0,836651.419688809,Southeast,Street Footwear
2024-09-30,857311.9438032535,656080.41568159,1071194.0107714536,857311.9226687911,857311.9647752861,0.0,0.0,0.0,0.0,0.0,0.0,857311.9438032535,Southeast,Street Footwear
2024-10-31,878661.1520548457,665877.0181811787,1094705.29388262,878661.1277054354,878661.1762658396,0.0,0.0,0.0,0.0,0.0,0.0,878661.1520548457,Southeast,Street Footwear
2024-11-30,899321.6761692902,686786.7943182137,1105506.9461364457,899321.6479031595,899321.7042849388,0.0,0.0,0.0,0.0,0.0,0.0,899321.6761692902,Southeast,Street Footwear
2023-01-01,814288.464548,592264.0787276255,1013295.1023235049,814288.464548,814288.464548,0.0,0.0,0.0,0.0,0.0,0.0,814288.464548,West,Apparel
2023-02-01,775735.8953838624,570058.6567829079,973149.9271859068,775735.8953838624,775735.8953838624,0.0,0.0,0.0,0.0,0.0,0.0,775735.8953838624,West,Apparel
2023-03-01,740914.2199523052,524547.880732332,951597.3911308087,740914.2199523052,740914.2199523052,0.0,0.0,0.0,0.0,0.0,0.0,740914.2199523052,West,Apparel
2023-04-01,702361.6506939201,485696.10439543816,918538.9544363819,702361.6506939201,702361.6506939201,0.0,0.0,0.0,0.0,0.0,0.0,702361.6506939201,West,Apparel
2023-05-01,665052.7126798349,442968.23074376193,867365.6825542034,665052.7126798349,665052.7126798349,0.0,0.0,0.0,0.0,0.0,0.0,665052.7126798349,West,Apparel
2023-06-01,626500.1434117719,401301.79884358705,826352.2985007165,626500.1434117719,626500.1434117719,0.0,0.0,0.0,0.0,0.0,0.0,626500.1434117719,West,Apparel
2023-07-01,589191.2054767992,368704.90003512695,812097.9929797269,589191.2054767992,589191.2054767992,0.0,0.0,0.0,0.0,0.0,0.0,589191.2054767992,West,Apparel
2023-08-01,550638.6362665495,324444.3703624208,764280.6887454527,550638.6362665495,550638.6362665495,0.0,0.0,0.0,0.0,0.0,0.0,550638.6362665495,West,Apparel
2023-09-01,512086.06703993416,312297.6256850282,737881.359506752,512086.06703993416,512086.06703993416,0.0,0.0,0.0,0.0,0.0,0.0,512086.06703993416,West,Apparel
2023-10-01,474777.1290414303,282379.65228554484,694120.7099524456,474777.1290414303,474777.1290414303,0.0,0.0,0.0,0.0,0.0,0.0,474777.1290414303,West,Apparel
2023-11-01,436224.55977630964,228141.7387398133,648661.3092585457,436224.55977630964,436224.55977630964,0.0,0.0,0.0,0.0,0.0,0.0,436224.55977630964,West,Apparel
2023-12-01,398915.62177780573,180487.89124557612,615179.9416344491,398915.62177780573,398915.62177780573,0.0,0.0,0.0,0.0,0.0,0.0,398915.62177780573,West,Apparel
2023-12-31,361606.6837793019,152468.78938238733,578617.55346769,361606.6831565607,361606.68444490654,0.0,0.0,0.0,0.0,0.0,0.0,361606.6837793019,West,Apparel
2024-01-31,323054.11451418116,86814.62972738672,539580.1121007693,323054.11246544524,323054.1165660497,0.0,0.0,0.0,0.0,0.0,0.0,323054.11451418116,West,Apparel
2024-02-29,286988.8077822941,91791.32855681,504445.17122592597,286988.8037819686,286988.81144827,0.0,0.0,0.0,0.0,0.0,0.0,286988.8077822941,West,Apparel
2024-03-31,248436.23851717342,42455.837286559545,469679.2450977403,248436.2322051432,248436.24449359236,0.0,0.0,0.0,0.0,0.0,0.0,248436.23851717342,West,Apparel
2024-04-30,211127.30051866954,-2403.2365809000903,429850.01475893403,211127.29118111942,211127.30864142967,0.0,0.0,0.0,0.0,0.0,0.0,211127.30051866954,West,Apparel
2024-05-31,172574.73125354887,-31747.835864660985,387675.2114126785,172574.71885194676,172574.7420008201,0.0,0.0,0.0,0.0,0.0,0.0,172574.73125354887,West,Apparel
2024-06-30,135265.793255045,-65993.28692091299,356421.98931437987,135265.77747505732,135265.80677478792,0.0,0.0,0.0,0.0,0.0,0.0,135265.793255045,West,Apparel
2024-07-31,96713.22398992431,-116329.59328895001,310936.9627691715,96713.20480671928,96713.24071366976,0.0,0.0,0.0,0.0,0.0,0.0,96713.22398992431,West,Apparel
2024-08-31,58160.65472480363,-166025.0763151674,270839.5009723362,58160.632392623076,58160.674665791135,0.0,0.0,0.0,0.0,0.0,0.0,58160.65472480363,West,Apparel
2024-09-30,20851.716726299746,-185897.30430907474,220027.14710597927,20851.690704316134,20851.74034335338,0.0,0.0,0.0,0.0,0.0,0.0,20851.716726299746,West,Apparel
2024-10-31,-17700.852538820935,-231058.13992910643,199668.91867164805,-17700.882967696816,-17700.824659716764,0.0,0.0,0.0,0.0,0.0,0.0,-17700.852538820935,West,Apparel
2024-11-30,-55009.790537324814,-262960.0796558179,160626.4885246953,-55009.825172022145,-55009.758642489265,0.0,0.0,0.0,0.0,0.0,0.0,-55009.790537324814,West,Apparel
2023-01-01,780888.248328,585703.2036426209,981499.5306439664,780888.248328,780888.248328,0.0,0.0,0.0,0.0,0.0,0.0,780888.248328,West,Athletic Footwear
2023-02-01,742042.4544182875,535784.2636294469,935764.660210141,742042.4544182875,742042.4544182875,0.0,0.0,0.0,0.0,0.0,0.0,742042.4544182875,West,Athletic Footwear
2023-03-01,706955.9308593641,505436.7999788117,903566.9727360341,706955.9308593641,706955.9308593641,0.0,0.0,0.0,0.0,0.0,0.0,706955.9308593641,West,Athletic Footwear
2023-04-01,668110.1369313785,464697.26449543494,862012.4343079545,668110.1369313785,668110.1369313785,0.0,0.0,0.0,0.0,0.0,0.0,668110.1369313785,West,Athletic Footwear
2023-05-01,630517.4331511428,435802.38549361075,830339.7553066168,630517.4331511428,630517.4331511428,0.0,0.0,0.0,0.0,0.0,0.0,630517.4331511428,West,Athletic Footwear
2023-06-01,591671.6392863916,396788.4260411084,801437.2310295494,591671.6392863916,591671.6392863916,0.0,0.0,0.0,0.0,0.0,0.0,591671.6392863916,West,Athletic Footwear
2023-07-01,554078.9355242902,359201.71350861096,759783.2257262027,554078.9355242902,554078.9355242902,0.0,0.0,0.0,0.0,0.0,0.0,554078.9355242902,West,Athletic Footwear
2023-08-01,515233.14167050994,309849.681967072,719695.8919965535,515233.14167050994,515233.14167050994,0.0,0.0,0.0,0.0,0.0,0.0,515233.14167050994,West,Athletic Footwear
2023-09-01,476387.3478603007,280388.34058722586,665950.0924996083,476387.3478603007,476387.3478603007,0.0,0.0,0.0,0.0,0.0,0.0,476387.3478603007,West,Athletic Footwear
2023-10-01,438794.6441557106,242477.35185004296,646883.756366087,438794.6441557106,438794.6441557106,0.0,0.0,0.0,0.0,0.0,0.0,438794.6441557106,West,Athletic Footwear
2023-11-01,399948.8503276342,199058.2032245934,596570.0804641136,399948.8503276342,399948.8503276342,0.0,0.0,0.0,0.0,0.0,0.0,399948.8503276342,West,Athletic Footwear
2023-12-01,362356.14662304404,161849.8425092748,573440.6070333774,362356.14662304404,362356.14662304404,0.0,0.0,0.0,0.0,0.0,0.0,362356.14662304404,West,Athletic Footwear
2023-12-31,324763.44291845395,114252.8658223494,522087.2005399841,324763.4422237567,324763.4435704726,0.0,0.0,0.0,0.0,0.0,0.0,324763.44291845395,West,Athletic Footwear
2024-01-31,285917.6490903775,77916.16686793912,486401.5184915128,285917.64697274583,285917.65119424486,0.0,0.0,0.0,0.0,0.0,0.0,285917.6490903775,West,Athletic Footwear
2024-02-29,249578.03550927373,60838.358328061266,443364.35509072285,249578.03154806106,249578.03964824745,0.0,0.0,0.0,0.0,0.0,0.0,249578.03550927373,West,Athletic Footwear
2024-03-31,210732.24168119725,16411.722378520095,410829.582257769,210732.23556138776,210732.24822530363,0.0,0.0,0.0,0.0,0.0,0.0,210732.24168119725,West,Athletic Footwear
2024-04-30,173139.5379766071,-47377.6685472299,373576.5909036002,173139.5292579838,173139.5476410867,0.0,0.0,0.0,0.0,0.0,0.0,173139.5379766071,West,Athletic Footwear
2024-05-31,134293.74414853074,-58699.06910679579,324659.6918686568,134293.7318974427,134293.75686957466,0.0,0.0,0.0,0.0,0.0,0.0,134293.74414853074,West,Athletic Footwear
2024-06-30,96701.0404439406,-111657.15002119493,284666.62260810856,96701.0249523845,96701.05657182113,0.0,0.0,0.0,0.0,0.0,0.0,96701.0404439406,West,Athletic Footwear
2024-07-31,57855.246615864125,-125573.30149290578,263302.76406044903,57855.22742214117,57855.26630769423,0.0,0.0,0.0,0.0,0.0,0.0,57855.246615864125,West,Athletic Footwear
2024-08-31,19009.452787787763,-176617.20884477504,210513.99498315342,19009.43011311459,19009.476503259775,0.0,0.0,0.0,0.0,0.0,0.0,19009.452787787763,West,Athletic Footwear
2024-09-30,-18583.2509168025,-218313.50860922056,192608.7648404711,-18583.277353335172,-18583.22286582012,0.0,0.0,0.0,0.0,0.0,0.0,-18583.2509168025,West,Athletic Footwear
2024-10-31,-57429.04474487886,-250164.48293150807,137341.87059870912,-57429.07561069653,-57429.01278059564,0.0,0.0,0.0,0.0,0.0,0.0,-57429.04474487886,West,Athletic Footwear
2024-11-30,-95021.74844946888,-288077.0094853405,101807.13218551214,-95021.78404139608,-95021.71268203152,0.0,0.0,0.0,0.0,0.0,0.0,-95021.74844946888,West,Athletic Footwear
2023-01-01,859808.0741160001,656358.9992267579,1061954.889374503,859808.0741160001,859808.0741160001,0.0,0.0,0.0,0.0,0.0,0.0,859808.0741160001,West,Street Footwear
2023-02-01,819519.4501832157,606181.8289158418,1021135.5976933913,819519.4501832157,819519.4501832157,0.0,0.0,0.0,0.0,0.0,0.0,819519.4501832157,West,Street Footwear
2023-03-01,783129.7253438666,576661.520136909,991338.921346429,783129.7253438666,783129.7253438666,0.0,0.0,0.0,0.0,0.0,0.0,783129.7253438666,West,Street Footwear
2023-04-01,742841.101408067,528296.1986073592,949971.964399966,742841.101408067,742841.101408067,0.0,0.0,0.0,0.0,0.0,0.0,742841.101408067,West,Street Footwear
2023-05-01,703852.1104934729,501458.59727635025,896024.1620664978,703852.1104934729,703852.1104934729,0.0,0.0,0.0,0.0,0.0,0.0,703852.1104934729,West,Street Footwear
2023-06-01,663563.4865552066,468552.94219522836,874750.8745817302,663563.4865552066,663563.4865552066,0.0,0.0,0.0,0.0,0.0,0.0,663563.4865552066,West,Street Footwear
2023-07-01,624574.4956494056,418789.24429240555,832045.3087419271,624574.4956494056,624574.4956494056,0.0,0.0,0.0,0.0,0.0,0.0,624574.4956494056,West,Street Footwear
2023-08-01,584285.8717138072,372097.6233607479,790098.458346434,584285.8717138072,584285.8717138072,0.0,0.0,0.0,0.0,0.0,0.0,584285.8717138072,West,Street Footwear
2023-09-01,543997.2477806915,337620.81825977773,738803.6280527957,543997.2477806915,543997.2477806915,0.0,0.0,0.0,0.0,0.0,0.0,543997.2477806915,West,Street Footwear
2023-10-01,505008.25688331464,312149.4185725217,722595.6331398728,505008.25688331464,505008.25688331464,0.0,0.0,0.0,0.0,0.0,0.0,505008.25688331464,West,Street Footwear
2023-11-01,464719.6329560253,261207.28874273607,680222.934567896,464719.6329560253,464719.6329560253,0.0,0.0,0.0,0.0,0.0,0.0,464719.6329560253,West,Street Footwear
2023-12-01,425730.6420586486,216218.41927072214,616132.4678858116,425730.6420586486,425730.6420586486,0.0,0.0,0.0,0.0,0.0,0.0,425730.6420586486,West,Street Footwear
2023-12-31,386741.6511612719,188433.1814054144,579505.4422924165,386741.6505131249,386741.6517991363,0.0,0.0,0.0,0.0,0.0,0.0,386741.6511612719,West,Street Footwear
2024-01-31,346453.0272339825,136764.11392960695,559978.9958840664,346453.0251227387,346453.0292270176,0.0,0.0,0.0,0.0,0.0,0.0,346453.0272339825,West,Street Footwear
2024-02-29,308763.6693665183,105518.53763925185,498512.26268514583,308763.6652272054,308763.67336806626,0.0,0.0,0.0,0.0,0.0,0.0,308763.6693665183,West,Street Footwear
2024-03-31,268475.0454392291,73726.91544182698,472635.39993438043,268475.03907115397,268475.0520921637,0.0,0.0,0.0,0.0,0.0,0.0,268475.0454392291,West,Street Footwear
2024-04-30,229486.05454185227,17475.623671599536,414886.5703543292,229486.04574585665,229486.0639185824,0.0,0.0,0.0,0.0,0.0,0.0,229486.05454185227,West,Street Footwear
2024-05-31,189197.43061456303,-21458.44902635709,401154.41035740817,189197.418418934,189197.44298597696,0.0,0.0,0.0,0.0,0.0,0.0,189197.43061456303,West,Street Footwear
2024-06-30,150208.43971718627,-44308.32061551467,350613.07435124426,150208.42442766865,150208.45535500182,0.0,0.0,0.0,0.0,0.0,0.0,150208.43971718627,West,Street Footwear
2024-07-31,109919.81578989691,-86847.23026485248,306817.07741477265,109919.79713490314,109919.83461094477,0.0,0.0,0.0,0.0,0.0,0.0,109919.81578989691,West,Street Footwear
2024-08-31,69631.19186260768,-143663.76711306878,279154.5954489094,69631.1700373051,69631.21414789409,0.0,0.0,0.0,0.0,0.0,0.0,69631.19186260768,West,Street Footwear
2024-09-30,30642.200965230928,-173554.04035144605,243943.38410290645,30642.17520988237,30642.227379127242,0.0,0.0,0.0,0.0,0.0,0.0,30642.200965230928,West,Street Footwear
2024-10-31,-9646.42296205831,-213358.56316884514,198818.16133007882,-9646.452560426227,-9646.392017058744,0.0,0.0,0.0,0.0,0.0,0.0,-9646.42296205831,West,Street Footwear
2024-11-30,-48635.41385943505,-258174.2526051956,146044.96599568936,-48635.44788942342,-48635.37835087719,0.0,0.0,0.0,0.0,0.0,0.0,-48635.41385943505,West,Street Footwear
